<?xml version="1.0" encoding="UTF-8"?>
<config>
 <Reports>
     <Report>/e2pr/service/part/report?name=PRASHANT&amp;order_by=DEPOT DESC</Report>
	 <Report>/e2pr/service/delayed_delivery_qty/report?name=PRASHANT&amp;order_by=DEPOT DESC</Report>
	 <Report>/e2pr/service/delivery_plan/report?name=PRASHANT&amp;columns=DELIVERY_DATE,DELIVERY_QTY,DELIVERY_COST&amp;order_by=DELIVERY_DATE,DELIVERY_QTY,DELIVERY_REVENUE,DELIVERY_MARGIN,DELIVERY_COST DESC</Report>
	 <Report>/e2pr/service/reservation_plan/report?name=PRASHANT&amp;order_by=DEPOT DESC</Report>     
     <Report>/e2pr/service/custom_drop_down/report?name=PRASHANT&amp;order_by=DEPOT DESC</Report>
	 <Report>/e2pr/service/active_user_session/report?name=PRASHANT</Report>
	 <Report>/e2pr/service/push_alert/report?name=PRASHANT&amp;order_by=mps_order_no&amp;columns=mps_order_no,depot,part,delivery_date,delivery_qty,primary_demand_no,delivery_no,order_item_no,customer,due_date&amp;order_by=DEPOT DESC</Report>
	
 <Report>/e2pr/service/part/report?name=PRASHANT</Report>
	 <Report>/e2pr/service/delayed_delivery_qty/report?name=PRASHANT&amp;order_by=DEPOT DESC</Report>
	 <Report>/e2pr/service/delivery_plan/report?name=PRASHANT&amp;order_by=DEPOT DESC</Report>
	 <Report>/e2pr/service/reservation_plan/report?name=PRASHANT&amp;order_by=DEPOT DESC</Report>     
     <Report>/e2pr/service/custom_drop_down/report?name=PRASHANT&amp;order_by=DEPOT DESC</Report>
	 <Report>/e2pr/service/active_user_session/report?name=PRASHANT&amp;order_by=DEPOT DESC</Report>
	 <Report>/e2pr/service/push_alert/report?name=PRASHANT&amp;order_by=mps_order_no&amp;columns=mps_order_no,depot,part,delivery_date,delivery_qty,primary_demand_no,delivery_no,order_item_no,customer,due_date</Report>
	 <Report>/e2pr/service/calendar_setup/report?name=PRASHANT&amp;columns=calendar,description</Report>
	
		<!-- Depot-->
	<Report>/e2pr/service/depot/report?name=PRASHANT&amp;columns=depot,description,plan_flag,calendar</Report>
	<Report>/e2pr/service/depot_family/report?name=PRASHANT&amp;columns=depot_family,depot</Report>
	
	<!-- channels -->
	<Report>/e2pr/service/customer/report?name=PRASHANT&amp;columns=customer,description</Report>
	<Report>/e2pr/service/channel/report?name=PRASHANT&amp;columns=channel,description,std_unit_price</Report>
	<Report>/e2pr/service/channel_mapping/report?name=PRASHANT&amp;columns=depot,part,customer,channel</Report>
	
	<!-- Parts -->
	<Report>/e2pr/service/part/report?name=PRASHANT&amp;columns=part,description,controller,product_line,family,plan_flag</Report>
	<Report>/e2pr/service/part_depot/report?name=PRASHANT&amp;part=ASIC_1000&amp;columns=depot,part,constraint_flag,inhouse_flag,pull_flag,alternative_flag,prioritized_flag,std_unit_cost,std_unit_price</Report>
	<Report>/e2pr/service/part/report?name=PRASHANT&amp;columns=part,description,controller,product_line,family,plan_flag</Report>
	<Report>/e2pr/service/part_depot/report?name=PRASHANT&amp;columns=depot,part,constraint_flag,inhouse_flag,pull_flag,alternative_flag,prioritized_flag,std_unit_cost,std_unit_price</Report>
	<Report>/e2pr/service/process_setup/report?name=PRASHANT&amp;columns=depot,part,process,process_type,description,lead_time,follow_up_time,frozen,min_order_qty,mult_order_qty,split,calendar_mode,delivery_calendar,unit_processing_cost</Report>
	<Report>/e2pr/service/process_share/report?name=PRASHANT&amp;start_date=2013-06-10&amp;end_date=2014-06-09&amp;columns=depot,part,process,process_share,valid_from,valid_to</Report>
	<Report>/e2pr/service/process_split/report?name=PRASHANT&amp;start_date=2013-06-10&amp;end_date=2014-06-09&amp;columns=depot,part,process,effective_date,effective_split</Report>
	<Report>/e2pr/service/part_depot/report?name=PRASHANT&amp;where=(%20prioritized_flag%20=%20%271%27%20)&amp;columns=depot,part,prioritized_flag</Report>
	<Report>/e2pr/service/horizon/report?name=PRASHANT&amp;columns=reference_date</Report>
	<Report>/e2pr/service/material_usage/report?name=PRASHANT&amp;columns=depot,part,process,component,coefficient,alt_group,group_id,split,effective_in,effective_out,bom_id</Report>
	<Report>/e2pr/service/multi_level_bom/report?name=PRASHANT&amp;show_capacities=1&amp;show_network=0&amp;columns=row_no,parent_row_no,level_code,depot,part,process,type,split,total_offset,label,resource,coefficient,time_phased_flag,effective_in,effective_out,ref_id</Report>
	<Report>/e2pr/service/inv_channel/report?name=PRASHANT&amp;columns=depot,part,c_date,lcl,dos,ucl,lcl_units,min_inv,ucl_units,delta_units,avg_dmd_days</Report>
	<Report>/e2pr/service/part_family/report?name=PRASHANT&amp;columns=family,part,default_family</Report>
	<Report>/e2pr/service/family_setup/report?name=PRASHANT&amp;columns=family,sub_family</Report>
	<Report>/e2pr/service/family/list?name=PRASHANT&amp;columns=family</Report>
	<Report>/e2pr/service/supplier/report?name=PRASHANT&amp;columns=supplier,description</Report>
	
	<!-- Capacities-->
	<Report>/e2pr/service/capacity/report?name=PRASHANT&amp;columns=depot,capacity,description,daily_capacity,frozen_time,constraint_flag,capacity_grid</Report>
	<Report>/e2pr/service/capacity_profile/report?name=PRASHANT&amp;capacity=FINAL_ASSEMBLY&amp;depot=CM1&amp;columns=depot,capacity,effective_date,daily_capacity</Report>
	<Report>/e2pr/service/capacity/report?name=PRASHANT&amp;columns=depot,capacity,description,daily_capacity,frozen_time,constraint_flag,capacity_grid</Report>
	<Report>/e2pr/service/capacity_profile/report?name=PRASHANT&amp;columns=depot,capacity,effective_date,daily_capacity</Report>
	<Report>/e2pr/service/capacity_adjustment/report?name=PRASHANT&amp;columns=depot,capacity,effective_date,adjusted_capacity</Report>
	<Report>/e2pr/service/capacity_usage/report?name=PRASHANT&amp;columns=depot,part,process,capacity,coefficient,group_id,priority,boc_id,c_depot</Report>
	<Report>/e2pr/service/capacity_family/report?name=PRASHANT&amp;columns=capacity_family,capacity,depot</Report>
	
	<!-- Misc -->
	<Report>/e2pr/service/memo_escalation_levels/describe?name=PRASHANT&amp;columns=column,type,not_null,allows_edit,is_key</Report>
	<Report>/e2pr/service/memo_escalation_levels/report?name=PRASHANT&amp;columns=escalation_level,description</Report>
	<Report>/e2pr/service/material_attribute/report?name=PRASHANT&amp;columns=attribute,target_type,target_location,receiving_type,receiving_location</Report>
	<Report>/e2pr/service/co_lock/report?name=PRASHANT&amp;columns=target_type,order_item_no,order_no,partial_no,oi_group,lock_no,target_depot,lock_code,lock_scope,co_no,lock_creation_date,lock_user,lock_comment</Report>
	<Report>/e2pr/service/part_lock/report?name=PRASHANT&amp;columns=target_type,depot,part,lock_no,target_depot,lock_code,lock_scope,lock_creation_date,lock_user,lock_comment</Report>
	
	<!-- Demand-->
	<Report>/e2pr/service/co/report?name=PRASHANT&amp;columns=mps_order_no,order_no,partial_no,req_date,ack_date,order_date,erd,expire_date,no_pull,priority,np_code,order_status,order_type,item_no,oi_group,qty,order_qty,depot,part,customer,plan_flag,unit_price</Report>
	<Report>/e2pr/service/co/report?name=PRASHANT&amp;columns=mps_order_no,order_no,partial_no,req_date,ack_date,order_date,erd,expire_date,no_pull,priority,np_code,order_status,order_type,item_no,oi_group,qty,order_qty,depot,part,customer,plan_flag,unit_price</Report>
	<Report>/e2pr/service/sfc/report?name=PRASHANT&amp;columns=mps_order_no,depot,part,customer,req_date,qty,erd,expire_date,priority</Report>
	<Report>/e2pr/service/addtl_dmd/report?name=PRASHANT&amp;columns=depot,part,req_date,qty,erd,expire_date,priority,np_code,order_item_no,mps_order_no,plan_flag</Report>
	<Report>/e2pr/service/primary_demand/report?name=PRASHANT&amp;columns=depot,part,mps_order_no,demand_origin,demand_group_no,req_qty,delivery_mode,due_date,preferred_date,expire_date,num_priority,demand_no,order_item_no,customer,unit_price,channel,priority</Report>

	<!-- Supply-->
	<Report>/e2pr/service/inv/report?name=PRASHANT&amp;columns=depot,part,qty,adjustment</Report>
	<Report>/e2pr/service/po/report?name=PRASHANT&amp;columns=depot,part,supplier,send_date,arrival_date,qty,order_item_no,mps_order_no,order_date,order_qty,order_status,order_type,plan_flag,unit_cost</Report>
	<Report>/e2pr/service/iwt/report?name=PRASHANT&amp;columns=depot,part,send_depot,send_date,arrival_date,qty,order_item_no,mps_order_no,order_date,order_qty,order_status,order_type,plan_flag,unit_cost</Report>
	<Report>/e2pr/service/wo/report?name=PRASHANT&amp;columns=depot,part,process,start_date,finish_date,qty,order_item_no,mps_order_no,order_date,order_qty,order_status,order_type,plan_flag,unit_cost</Report>
	<Report>/e2pr/service/fpo/report?name=PRASHANT&amp;columns=depot,part,scheduled_date,qty,order_item_no,mps_order_no,order_date,order_qty,order_status,order_type,plan_flag,unit_cost</Report>
	<Report>/e2pr/service/addtl_supply/report?name=PRASHANT&amp;columns=depot,part,send_date,arrival_date,qty,order_item_no,mps_order_no,order_date,order_qty,order_status,order_type,plan_flag,unit_cost</Report>
	<Report>/e2pr/service/firm_supply/report?name=PRASHANT&amp;columns=mps_order_no,depot,part,process,scheduled_date,scheduled_qty,reserve_flag,supply_origin,supply_no,order_item_no</Report>
	
	<!-- Reservation -->
	<Report>/e2pr/service/ir/report?name=PRASHANT&amp; columns=depot,part,qty,req_date,order_item_no,mps_order_no,plan_flag</Report>
	<Report>/e2pr/service/cr/report?name=PRASHANT&amp;columns=depot,capacity,qty,req_date,order_item_no,mps_order_no,plan_flag</Report>
	<Report>/e2pr/service/reservation/report?name=PRASHANT&amp;columns=mps_order_no,order_item_no,depot,resource,resource_type,req_date,req_qty,reservation_no</Report>
	
	<!-- External commits-->
	<Report>/e2pr/service/commit_type/describe?name=PRASHANT&amp;columns=column,type,not_null,allows_edit,is_key</Report>
	<Report>/e2pr/service/commit_type/report?name=PRASHANT&amp;columns=commit_type,commit_type_desc</Report>
	<Report>/e2pr/service/material_commit/report?name=PRASHANT&amp;columns=depot,part,supplier,effective_date,effective_qty,commit_type</Report>
	<Report>/e2pr/service/capacity_commit/report?name=PRASHANT&amp;columns=depot,capacity,effective_date,effective_qty,commit_type</Report>
	
	<!--Supplier commit -->
	<Report>/e2pr/service/commit_type/describe?name=PRASHANT&amp;columns=column,type,not_null,allows_edit,is_key</Report>
	<Report>/e2pr/service/commit_type/report?name=PRASHANT&amp;columns=commit_type,commit_type_desc</Report>
	<Report>/e2pr/service/collaboration_supplier/report?name=PRASHANT&amp;columns=depot,part,supplier,collaborate</Report>
	<Report>/e2pr/service/material_commit/report?name=PRASHANT&amp;columns=depot,part,supplier,effective_date,effective_qty,commit_type</Report>
	<Report>/e2pr/service/supplier_btd/report?name=PRASHANT&amp;columns=depot,part,supplier,qty</Report>
	
	<!-- Settings-->
	<Report>/e2pr/service/np_code/report?name=PRASHANT&amp;columns=np_code_name,np_code_value</Report>
	<Report>/e2pr/service/prio_map/report?name=PRASHANT&amp;columns=category,prio_name,prio_value</Report>
	<Report>/e2pr/service/supply_order_status_mapping/report?name=PRASHANT&amp;columns=supply_origin,order_status,reserve_flag</Report>
	<Report>/e2pr/service/fc_type/describe?name=PRASHANT&amp;columns=column,type,not_null,allows_edit,is_key</Report>
	<Report>/e2pr/service/fc_type/report?name=PRASHANT&amp;columns=fc_type,fc_type_desc</Report>
	<Report>/e2pr/service/forecast/report?name=PRASHANT&amp;columns=depot,part,customer,effective_date,effective_qty,fc_type,priority</Report>
	<Report>/e2pr/service/btd/report?name=PRASHANT&amp;columns=depot,part,customer,effective_date,effective_qty</Report>
	<Report>/e2pr/service/fc_netting_overview/report?name=PRASHANT&amp;fc_type=1&amp;deviation_perc=0&amp;columns=depot,part,customer,gross_fc,co,btd,net_fc,fc_percentage</Report>
	<Report>/e2pr/service/fc_netting/report?name=PRASHANT&amp;depot=CM2&amp;part=SYSTEM_1&amp;customer=CUSTOMER-B&amp;fc_type=1&amp;columns=depot,part,customer,effective_date,gross_fc,co,net_fc</Report>
	<Report>/e2pr/service/sfc/report?name=PRASHANT&amp;columns=mps_order_no,depot,part,customer,req_date,qty,erd,expire_date,priority</Report>
	<Report>/e2pr/service/primary_demand/report?name=PRASHANT&amp;columns=depot,part,mps_order_no,demand_origin,demand_group_no,req_qty,delivery_mode,due_date,preferred_date,expire_date,num_priority,demand_no,order_item_no,customer,unit_price,channel,priority</Report>
	<Report>/e2pr/service/pm_rules/describe?name=PRASHANT&amp;columns=column,type,not_null,allows_edit,is_key</Report>
	<Report>/e2pr/service/pm_patterns/describe?name=PRASHANT&amp;columns=column,type,not_null,allows_edit,is_key</Report>

<!-- Planning Trigers-->
	<Report>/e2pr/service/depot/list?columns=depot</Report>
	<Report>/e2pr/service/part_depot/list?columns=part&amp;depot=CM1</Report>
	<Report>/e2pr/service/create_primary_demand/execute?depot=CM1&amp;part=ASIC_1000&amp;use_co=1&amp;default_co_priority=0&amp;default_co_np_code=0&amp;co_group_mode=NONE&amp;use_ack_date=0&amp;use_ad=1&amp;default_ad_priority=0&amp;default_ad_np_code=0&amp;use_fc=1&amp;default_fc_priority=0&amp;override_mode=ALL</Report>
	<Report>/e2pr/service/pm_rules/describe?columns=column,type,not_null,allows_edit,is_key</Report>
	<Report>/e2pr/service/pm_patterns/describe?columns=column,type,not_null,allows_edit,is_key</Report>
	<Report>/e2pr/service/pegging_strategy/list?columns=name</Report>
	<Report>/e2pr/service/depot/list?columns=depot</Report>
	<Report>/e2pr/service/part/list?columns=part</Report>
	<Report>/e2pr/service/part/list?columns=controller</Report>
	<Report>/e2pr/service/part/list?columns=product_line</Report>
	<Report>/e2pr/service/constrained_plan/execute?repair_soft_constraints=1&amp;repair_safetystocks=1&amp;repair_forbidden=1&amp;repair_lotsizes=1&amp;repair_shares=1&amp;repair_priorities=1&amp;repair_unconstraints=1&amp;use_inhouse_consumption=1&amp;inhouse_jumps_over_bom=1&amp;inhouse_jumps_over_alt_bom=0&amp;create_pegging=1&amp;pegging_strategy=ASAP%20by%20dates</Report>
	<Report>/e2pr/service/family/list?columns=family</Report>
	<Report>/e2pr/service/push_supply/execute?excess_distribution=N</Report>
	<Report>/e2pr/service/create_pegging/execute?pegging_strategy=ASAP%20by%20dates</Report>
	
	<!-- Demand Report-->
	<Report>/e2pr/service/delayed_delivery_qty/report?months=0&amp;weeks=0&amp;days=99&amp;columns=depot,part,customer,demand_origin,priority,order_status,order_type,date,request,delivery,delay,cumulated_request,cumulated_delivery,cumulated_delay</Report>
	<Report>/e2pr/service/delayed_delivery_qty/report?months=0&amp;weeks=0&amp;days=99&amp;columns=depot,part,customer,demand_origin,priority,order_status,order_type,date,request,delivery,delay,cumulated_request,cumulated_delivery,cumulated_delay</Report>
	<Report>/e2pr/service/ack_date/report?start_date=2013-06-10&amp;end_date=2014-06-09&amp;columns=row_no,parent_row_no,mps_order_no,depot,part,delivery_date,delivery_qty,primary_demand_no,delivery_no,order_item_no,customer,due_date,req_qty,preferred_date,expire_date,num_priority,delivery_mode,demand_origin,demand_group_no,order_no,partial_no,oi_group,item_no,release_flag,release_code,item_release_flag</Report>
	<Report>/e2pr/service/delivery_plan/report?start_date=2013-06-10&amp;end_date=2014-06-09&amp;columns=depot,part,demand_origin,due_date,preferred_date,expire_date,req_qty,num_priority,order_item_no,demand_no,delivery_no,delivery_date,psd,pcd,delivery_qty,primary_demand_no,customer,delivery_cost,delivery_revenue,delivery_margin,req_cost,req_revenue,req_margin,delivery_mode</Report>
	<Report>/e2pr/service/delivery_plan/report?start_date=2013-06-10&amp;end_date=2014-06-09&amp;columns=depot,part,demand_origin,due_date,preferred_date,expire_date,req_qty,num_priority,order_item_no,demand_no,delivery_no,delivery_date,psd,pcd,delivery_qty,primary_demand_no,customer,delivery_cost,delivery_revenue,delivery_margin,req_cost,req_revenue,req_margin,delivery_mode</Report>
	<Report>/e2pr/service/reservation_plan/report?start_date=2013-06-10&amp;end_date=2014-06-09&amp;columns=mps_order_no,depot,resource,resource_type,req_date,req_qty,reservation_date,reserved_qty,order_item_no,reservation_no</Report>
	<Report>/e2pr/service/top_down_pegging/report?columns=mps_order_no,depot,part,delivery_date,delivery_qty,primary_demand_no,delivery_no,order_item_no,customer,due_date,req_qty,preferred_date,expire_date,num_priority,delivery_mode,demand_origin,c_depot,component,c_total_qty,pegging_date,pegging_qty,supply_no,fs_no,iso_no</Report>
	<Report>/e2pr/service/reservation_plan/report?start_date=2013-06-10&amp;end_date=2014-06-09&amp;columns=mps_order_no,depot,resource,resource_type,req_date,req_qty,reservation_date,reserved_qty,order_item_no,reservation_no</Report>
	<Report>/e2pr/service/demand_flow/report?mps_order_no=2016120908535490686782&amp;columns=row_no,parent_row_no,demand_no,depot,resource,resource_type,pegging_date,pegging_qty,ref_no,ref_type</Report>
	<Report>/e2pr/service/push_alert/report?start_date=2013-06-10&amp;end_date=2014-06-09&amp;columns=mps_order_no,depot,part,delivery_date,delivery_qty,primary_demand_no,delivery_no,order_item_no,customer,due_date,req_qty,preferred_date,expire_date,num_priority,delivery_mode,demand_origin,reason,r_depot,resource,resource_type,pegging_date,pegging_qty,short_qty,lfd</Report>
	<Report>/e2pr/service/demand_bottom_up_pegging/describe?columns=column,type,not_null,allows_edit,is_key</Report>
	<Report>/e2pr/service/demand_bottom_up_pegging/report?months=0&amp;weeks=0&amp;days=99&amp;columns=bucket_date,matl_req,matl_req_co,matl_req_fc,matl_req_release,matl_req_short,depot,part,bucket_size,controller,description,matl_req_ir,matl_req_ad,matl_req_other,family,product_line</Report>
	<Report>/e2pr/service/demand/report?start_date=2013-06-10&amp;end_date=2014-06-09&amp;columns=mps_order_no,depot,part,effective_date,effective_qty,demand_type,demand_driver_no,delivery_no</Report>
	<Report>/e2pr/service/demand/list?columns=mps_order_no&amp;where=(%20demand_type%20=%20%27P%27%20)</Report>
	<Report>/e2pr/service/demand_flow/report?columns=row_no,parent_row_no,demand_no,depot,resource,resource_type,pegging_date,pegging_qty,ref_no,ref_type</Report>
	<Report>/e2pr/service/pegging/report?pegging_type=D&amp;start_date=2013-06-10&amp;end_date=2014-06-09&amp;columns=mps_order_no,parent_no,depot,resource,pegging_qty,ref_type,ref_no,pegging_date,unit_roll_up_cost</Report>
	<Report>/e2pr/service/pick_list/report?columns=demand_no,mps_order_no,depot,resource,resource_type,pegging_date,pegging_qty,ref_no,ref_type</Report>
	<Report>/e2pr/service/locked_order/report?start_date=2013-06-10&amp;end_date=2014-06-09&amp;columns=mps_order_no,depot,part,delivery_date,delivery_qty,primary_demand_no,delivery_no,order_item_no,customer,due_date,req_qty,preferred_date,expire_date,num_priority,delivery_mode,demand_origin,release_flag,release_code,lock_type,lock_no,lock_code,lock_scope,lock_creation_date,lock_user,lock_comment</Report>
	
	<!-- Supply Reports-->
	<Report>/e2pr/service/replenishment_overview/report?months=0&amp;weeks=0&amp;days=99&amp;columns=depot,part,dmd_total,dmd_today,dmd_never_exec,dmd_remainder,inv_oh,inv_pipe_total,inv_pipe_never_exec,inv_pipe_prop,inv_pipe_firm</Report>
	<Report>/e2pr/service/replenishment/report?depot=CM1&amp;part=ASIC_1000&amp;months=0&amp;weeks=0&amp;days=99&amp;=depot,part,date,bs,dmd_total,matl_req_total,dmd_ir,exec_wcd,fpo_qty,wo_qty,iwt_qty,po_qty,exec_wsd_prop,inv,target_inv,target_inv_dev,roc_target,min_inv,roc_act,dmd_co,dmd_ad,dmd_fc,matl_req_ir,matl_req_co,matl_req_ad,matl_req_fc,matl_req_other,exec_wsd,firm_supply,matl_req_lfd,inv_lfd,as_qty,exec_wcd_prop</Report>
	<Report>/e2pr/service/scenario/list?columns=name</Report>
	<Report>/e2pr/service/replenishment_proposal/report?start_date=2013-06-10&amp;end_date=2014-06-09&amp;columns=mps_order_no,depot,part,process,booking_date,effective_date,effective_qty,supply_type,scheduled_date,scheduled_qty,order_item_no,fs_no,unit_cost,demand_no</Report>
	<Report>/e2pr/service/replenishment_proposal_detail/report?start_date=2013-06-10&amp;end_date=2014-06-09&amp;columns=part,parent_row_no,supply_on_hand,scheduled_qty,scheduled_date,supply_type,depot,order_item_no,fs_no,c_depot,booking_date,matl_req,mps_order_no,effective_qty,supply_firm,effective_date,row_no,component,process,unit_cost,demand_no</Report>
	<Report>/e2pr/service/process_replenishment_overview/report?months=0&amp;weeks=0&amp;days=99&amp;columns=depot,part,process,supply_total,supply_never_exec,supply_prop,supply_firm</Report>
	<Report>/e2pr/service/process_replenishment_plan/report?depot=CM1&amp;part=ASIC_1000&amp;process=VH1&amp;months=0&amp;weeks=0&amp;days=99&amp;columns=depot,part,process,effective_date,bucket_size,matl_req_total,matl_req_ir,matl_req_co,matl_req_ad,matl_req_fc,matl_req_other,receipt_total,receipt_prop</Report>
	<Report>/e2pr/service/graphical_inventory/describe?columns=column,type,not_null,allows_edit,is_key</Report>
	<Report>/e2pr/service/graphical_inventory/report?columns=depot,part,kpi</Report>
	<Report>/e2pr/service/inv_pit/report?grid=D&amp;bucket=1&amp;include_proposals=1&amp;columns=depot,part,qty,start_date,end_date</Report>
	<Report>/e2pr/service/supply/report?start_date=2013-06-10&amp;end_date=2014-06-09&amp;columns=mps_order_no,depot,part,process,booking_date,effective_date,effective_qty,demand_no,supply_type,fs_no,unit_cost</Report>
	<Report>/e2pr/service/supply/report?start_date=2013-06-10&amp;end_date=2014-06-09&amp;columns=mps_order_no,depot,part,process,booking_date,effective_date,effective_qty,demand_no,supply_type,fs_no,unit_cost</Report>
	<Report>/e2pr/service/wop_detail/report?mps_order_no=2016120908550719187275&amp;columns=mps_order_no,parent_no,wop_type,coefficient,label,ref_id</Report>
	<Report>/e2pr/service/requirement/report?mps_order_no=2016120908550719187275&amp;columns=mps_order_no,depot,resource,resource_type,effective_date,effective_qty,driver_no</Report>
	<Report>/e2pr/service/supply_bottom_up_pegging/describe?columns=column,type,not_null,allows_edit,is_key</Report>
	<Report>/e2pr/service/supply_bottom_up_pegging/report?start_date=2013-06-10&amp;end_date=2014-06-09&amp;columns=depot,part,controller,product_line,family,description,mps_order_no,process,effective_date,effective_qty,supply_type,order_item_no,used_qty,free_qty</Report>
	<Report>/e2pr/service/short_alert/report?columns=resource,depot,qty,resource_type,ospi_qty,short_qty</Report>
	<Report>/e2pr/service/short_alert/describe?columns=column,type,not_null,allows_edit,is_key</Report>
	<Report>/e2pr/service/delivery_plan/describe?columns=column,type,not_null,allows_edit,is_key</Report>
	<Report>/e2pr/service/short_alert/describe?columns=column,type,not_null,allows_edit,is_key</Report>
	<Report>/e2pr/service/delayed_delivery_qty/describe?columns=column,type,not_null,allows_edit,is_key</Report>
	<Report>/e2pr/service/short_alert/report?columns=resource,depot,qty,resource_type,ospi_qty,short_qty</Report>
	<Report>/e2pr/service/wop_detail/describe?columns=column,type,not_null,allows_edit,is_key</Report>
	<Report>/e2pr/service/wop_detail/report?start_date=2013-06-10&amp;end_date=2014-06-09&amp;columns=mps_order_no,parent_no,wop_type,coefficient,label,ref_id</Report>
	<Report>/e2pr/service/requirement/describe?columns=column,type,not_null,allows_edit,is_key</Report>
	<Report>/e2pr/service/requirement/report?start_date=2013-06-10&amp;end_date=2014-06-09&amp;columns=mps_order_no,depot,resource,resource_type,effective_date,effective_qty,driver_no</Report>
	<Report>/e2pr/service/po_proposal/describe?columns=column,type,not_null,allows_edit,is_key</Report>
	<Report>/e2pr/service/po_proposal/report?start_date=2013-06-10&amp;end_date=2014-06-09&amp;columns=mps_order_no,depot,part,supplier,send_date,arrival_date,effective_qty,supply_type,scheduled_date,scheduled_qty,order_item_no,fs_no,unit_cost</Report>
	<Report>/e2pr/service/iwt_proposal/describe?columns=column,type,not_null,allows_edit,is_key</Report>
	<Report>/e2pr/service/iwt_proposal/report?start_date=2013-06-10&amp;end_date=2014-06-09&amp;columns=mps_order_no,depot,part,send_depot,send_date,arrival_date,effective_qty,supply_type,scheduled_date,scheduled_qty,order_item_no,fs_no,unit_cost</Report>
	<Report>/e2pr/service/wo_proposal/describe?columns=column,type,not_null,allows_edit,is_key</Report>
	<Report>/e2pr/service/wo_proposal/report?start_date=2013-06-10&amp;end_date=2014-06-09&amp;columns=mps_order_no,depot,part,process,start_date,finish_date,effective_qty,supply_type,scheduled_date,scheduled_qty,order_item_no,fs_no,unit_cost</Report>
	<Report>/e2pr/service/edc_status/describe?columns=column,type,not_null,allows_edit,is_key</Report>
	<Report>/e2pr/service/edc_strategy/list?columns=id,name,description</Report>
	<Report>/e2pr/service/edc_status/report?columns=depot,part,edc_strategy,status,edc_count,supplier_count,supplier</Report>
	<Report>/e2pr/service/edc_change/describe?columns=column,type,not_null,allows_edit,is_key</Report>
	<Report>/e2pr/service/edc_change/report?columns=fs_no,partial_no,order_item_no,depot,part,supplier,scheduled_date,scheduled_qty,rescheduled_date,rescheduled_qty</Report>
	<Report>/e2pr/service/replenishment/describe?columns=column,type,not_null,allows_edit,is_key</Report>
	<Report>/e2pr/service/shortage_excess_overview/describe?columns=column,type,not_null,allows_edit,is_key</Report>
	<Report>/e2pr/service/shortage_excess_overview/report?filter_type=ABSOLUTE&amp;filter_target=INV&amp;months=0&amp;weeks=0&amp;days=99&amp;columns=depot,part,inv_oh,inv_pipe,inv_pipe_ovd,inv_week1,inv_week2,inv_week3,inv_week4,inv_week5,inv_week6,inv_week7,inv_week8,inv_excess,violation_date_min,violation_date_max,violation_min,violation_max,memo,escalation_level,snapshot_date</Report>
	<Report>/e2pr/service/replenishment/report?depot=CM1&amp;part=ASIC_1000&amp;months=0&amp;weeks=0&amp;days=99&amp;columns=depot,part,date,bs,dmd_total,matl_req_total,dmd_ir,exec_wcd,fpo_qty,wo_qty,iwt_qty,po_qty,exec_wsd_prop,inv,target_inv,target_inv_dev,roc_target,min_inv,roc_act,dmd_co,dmd_ad,dmd_fc,matl_req_ir,matl_req_co,matl_req_ad,matl_req_fc,matl_req_other,exec_wsd,firm_supply,matl_req_lfd,inv_lfd,as_qty,exec_wcd_prop</Report>
	<Report>/e2pr/service/backlog_fgi_overview/describe?columns=column,type,not_null,allows_edit,is_key</Report>
	<Report>/e2pr/service/backlog_fgi_overview/report?start_date=2013-06-10&amp;reference_date=2014-06-09&amp;end_date=2014-06-09&amp;columns=depot,part,inv_oh,matl_req_co_short_term,matl_req_co_long_term,matl_req_fc_short_term,matl_req_fc_long_term,matl_req_short_term,matl_req_long_term,fpo_short_term,fpo_long_term,wo_short_term,wo_long_term,iwt_short_term,iwt_long_term,po_short_term,po_long_term,firm_supply_short_term,firm_supply_long_term,roc_act,roc_target,memo,snapshot_date,inv_short_term,inv_long_term,escalation_level,as_short_term,as_long_term</Report>
	<Report>/e2pr/service/memos/describe?columns=column,type,not_null,allows_edit,is_key</Report>
	<Report>/e2pr/service/memos/report?columns=part,depot,memo,memo_type,snapshot_date,escalation_level,creation_date,user_name</Report>
	<Report>/e2pr/service/capacity/describe?columns=column,type,not_null,allows_edit,is_key</Report>
	<Report>/e2pr/service/capacity_requirements/describe?columns=column,type,not_null,allows_edit,is_key</Report>
	<Report>/e2pr/service/delivery_plan/describe?columns=column,type,not_null,allows_edit,is_key</Report>
	<Report>/e2pr/service/capacity_utilization/describe?columns=column,type,not_null,allows_edit,is_key</Report>
	<Report>/e2pr/service/capacity_utilization/report?start_date=2013-06-10&amp;end_date=2014-06-09&amp;columns=depot,capacity,effective_date,bs,avl_qty,used_qty</Report>
	<Report>/e2pr/service/consumption/describe?columns=column,type,not_null,allows_edit,is_key</Report>
	<Report>/e2pr/service/consumption/report?start_date=2013-06-10&amp;end_date=2014-06-09&amp;columns=mps_order_no,depot,capacity,effective_date,effective_qty,consumption_type,consumption_driver_no</Report>
	
	<!-- Scenario -->
	<Report>/e2pr/service/scenario/describe?columns=column,type,not_null,allows_edit,is_key</Report>
	<Report>/e2pr/service/scenario/report?columns=created_by,active,scenario_id,description,last_accessed,last_modified,parent_id,created_at,name,accessible,group_access</Report>
	<Report>/e2pr/service/scenario_active_user/report?columns=scenario_id,user_id</Report>
	<Report>/e2pr/service/scenario/report?columns=created_by,active,scenario_id,description,parent_id,name,accessible,group_access</Report>
	<Report>/e2pr/service/action_log/report?columns=action,scenario_id,user_id,executed_at,method_params,entry_id</Report>
	<Report>/e2pr/service/metric_profile/report?columns=metric_id,metric_name,description,metric_unit,supported_dimensions,report_name</Report>
	<Report>/e2pr/service/scorecard_setup/report?scorecard_id=2012102510514919105716&amp;columns=scorecard_id,kpi_id,weight,value0,value100,display_rank</Report>
	<Report>/e2pr/service/scorecard_setup/report?scorecard_id=2012102510514919105716&amp;columns=scorecard_id,kpi_id,weight,value0,value100,display_rank</Report>
	<Report>/e2pr/service/scorecard_master/list?columns=scorecard_name,scorecard_id</Report>
	<Report>/e2pr/service/kpi_metric/report?columns=metric_id,kpi_id,kpi_name,filter_string,value_lcl,value_lwl,value_std,value_tgt,value_uwl,value_ucl</Report>
	<Report>/e2pr/service/metric_profile/report?columns=metric_id,metric_name,description,metric_unit,supported_dimensions,report_name</Report>
	<Report>/e2pr/service/scorecard_setup/report?columns=scorecard_id,kpi_id,weight,value0,value100,display_rank</Report>
	<Report>/e2pr/service/scorecard_analysis/report?columns=scenario_id,scorecard_id,kpi_id,kpi_value,score,weighted_score&amp;scorecard_id=2012102510514919105716</Report>
	<Report>/e2pr/service/metric_profile/report?columns=metric_id,metric_name,description,metric_unit,supported_dimensions,report_name</Report>
	<Report>/e2pr/service/metric_dimension/report?columns=dimension,attribute,type</Report>
	<Report>/e2pr/service/metric_analysis/describe?metric_id=AVG_LATENESS_BY_ITEM&amp;group_by=DEPOT&amp;columns=column,type,not_null,allows_edit,is_key</Report>
	<Report>/e2pr/service/metric_analysis/report?metric_id=AVG_LATENESS_BY_ITEM&amp;group_by=DEPOT&amp;start_date=2013-06-10&amp;end_date=2014-06-09&amp;columns=depot,kpi_value</Report>
	
	<!-- Menu-->
	<Report>/e2pr/service/user_group/list?columns=user_group</Report>
	<Report>/e2pr/service/menu_config_setting/report?columns=menu_id,menu_static,menu_accordion</Report>
	<Report>/e2pr/service/menu_config/report?columns=menu_id,user_group</Report>
	<Report>/e2pr/service/dynamic_menu/report?columns=dynamic_menu_id,parent_row_no,row_no,title,menu_object,menu_id,open_multiple</Report>
	<Report>/e2pr/service/report_repository/report?columns=report_name,description,supports_auxiliaries</Report>
	<Report>/e2pr/service/report_setup/report?table=ACK_DATE&amp;order_by=sequence_id&amp;columns=columns,join_source,sequence_id,join_condition,join_columns,expressions,join_hint</Report>
	<Report>/e2pr/service/ACK_DATE/describe?columns=column,type,not_null,allows_edit,is_key</Report>
	
	
	
	
</Reports>
<Urls>
<Url>http://localhost:17105</Url>
<Url>http://localhost:16305</Url>
</Urls>
<filecompare>false</filecompare>
</config>